<?xml version="1.0" encoding="UTF-8"?>
<assembly>
	<!-- distribution assembly descriptor. packages up jars, source jars, documentation,
		 dependencies and other resources into a single archive suitable for download and
		 standalone use.
		 see pom.xml 'maven-assembly-plugin' declaration
		 see src/main/scripts/build-distribution.sh
		 see http://www.sonatype.com/books/mvnref-book/reference/assemblies-set-dist-assemblies.html -->
	<id>distribution</id>
	<formats>
		<format>zip</format>
	</formats>
	<includeBaseDirectory>true</includeBaseDirectory>
	<fileSets>
		<fileSet>
			<!-- adds readme and other textfiles to the root of the distribution archive -->
			<directory>src/main/resources</directory>
			<includes>
				<include>license.txt</include>
				<include>notice.txt</include>
				<include>changelog.txt</include>
			</includes>
			<outputDirectory/>
			<lineEnding>dos</lineEnding>
		</fileSet>
		<fileSet>
			<!-- adds reference manual (html and pdf) to the distribution archive under the
				 'docs/reference' directory
				 see pom.xml 'maven-javadoc-plugin' declaration -->
			<directory>target/site/reference</directory>
			<outputDirectory>docs/reference</outputDirectory>
		</fileSet>
		<fileSet>
			<!-- adds javadoc html to the distribution archive under the 'docs/javadoc' directory
				 see pom.xml 'maven-javadoc-plugin' declaration -->
			<directory>target/site/apidocs</directory>
			<outputDirectory>docs/javadoc</outputDirectory>
		</fileSet>
	</fileSets>
	<files>
		<file> 
			<source>target/${dist.finalName}.jar</source>
			<outputDirectory>dist</outputDirectory> 
			<fileMode>0644</fileMode>
		</file>
		<file> 
			<source>target/${dist.finalName}-sources.jar</source>
			<outputDirectory>sources</outputDirectory> 
			<fileMode>0644</fileMode>
		</file>
	</files>
</assembly>